GCnwBk9UGBiPP9Fe8CinMdSz7vccikqLhPCHFfypj65u;104;4MZyCfTumsQCi76fS96YyfxgkNMZGbcgWn7fnm8ReYccg8iLfmZbBXud5mnFqSBEstcRobadNrVFNzPbCD85nhmr;4;1694271706834;57N7eJNFqnuc7kyzCCjpDjWTmA4KqFuAMk93z864gJTY2tPhkdmpxFjcov6TCQTZWwxpwALP8Lh6d8Zhzf7JwQ8V;0;;[{"key":"operation","stringValue":"blindSigIssue"},{"key":"data","stringValue":"[{\"userId\":\"oa5761NM0nwpITwxa6mffIhAKu06bT2PpfHfCzVBOPQ=\", \"maskedSig\": \"cb064d18acb1b53123f89d07300c239d8b96d06398f0fc94da1971c50dea68181d0264afcc65334693c52401d39f5202551ab11cfb98f9981382e07e97b90cec1f5aab71f2f749273e883702bf8e69b6120b996862eb7dfe29e97868865e499f\"}]"},{"key":"primaryUikRegionCode","stringValue":"90"},{"key":"primaryUikNumber","intValue":4443}];[{"key":"BLINDSIG_GCnwBk9UGBiPP9Fe8CinMdSz7vccikqLhPCHFfypj65u","stringValue":"{\"userMaskedSigs\":[{\"userId\":\"oa5761NM0nwpITwxa6mffIhAKu06bT2PpfHfCzVBOPQ=\",\"maskedSig\":\"cb064d18acb1b53123f89d07300c239d8b96d06398f0fc94da1971c50dea68181d0264afcc65334693c52401d39f5202551ab11cfb98f9981382e07e97b90cec1f5aab71f2f749273e883702bf8e69b6120b996862eb7dfe29e97868865e499f\"}],\"primaryUikRegionCode\":\"90\",\"primaryUikNumber\":4443}"}];{"contractVersion":1};1
6W5Q2c8JRxcQrevP9vE8xLGuYh21fx1ndzaEjrdSLCFu;104;2cbc5HAH6vxbMQr6zXmzLLRrnKGptrfBa9kL11euQ5QG58vC9WUEWrqnXcp8Mfib83fxQg1FBM9J6gReY4HThM9M;4;1694271784000;NNNk4GiRfehKcmQFqq4SeV4ofRArW2ox5g4UwarwZJdNAAjRwqupvcuCeGVYYsRD2LoxwpwXXX5P5iqc12Qpjiv;0;;[{"key":"operation","stringValue":"vote"},{"key":"vote","binaryValue":"CscMCtoCCiECeYkB0Apw6bYXG+yJ6njTF5F36fOP5CokxZIKWfABFQ4SIQMFQv7Hal6X+aNrqZ3kYKeiWc1gPmIAHoCKXf2OKkuh4xohA1aUn80xhsk7PghjTO5XMNn5SUz7P4KuR3SXRm+7eFL0GiEDD0gYaIg54sTHfcpBP/0/xpXlBGzqriU3JBF+vOdms9UiIQKBKiNw2hPf+hef8VqpL7KQ9zdr6tW+grKGj2N6I10BoiIhAtm5/BlFL+vcOd2oQyPQm2LvqfDnBbw3WAn+RyQjMKlYKiDHkxI6lIboUqUfkP7GgBr+6h+hWYTj/uKsSmDnIN67/yogHUxbena2fpqb4uDobkogsbHem3cPEHOMTVFzs1FNAK4yIMP959siCYb+Gsm3L4YsilUqLceXwhjjn48TR9Y5k1twMiCudDzXMQurb1ZN/m/qOl4/VBP3WsMwC/yvMQI4UVXbNwraAgohA+217ws1uLQiwbFI2qv4PVAbDWn0QCf3hwdTso3raTpjEiEDbFuN7IQpAqdbitY9XftmSjUridhjCM6YvjKZluaelEoaIQIelDwyjLQibMdlnS3mI5taOmMREgkp2yt0N0wXFpzEGRohArOqa9GpvQeUycUjm0pkqHCFCor1UQsgE1VWTO6/cKYkIiEDYRJJy1cB7/SkKSvuBWv6IY5pLx5Z44w/VBN3jWFjlgoiIQLMriz/nq/enwPkFiKNSVGWCXHNiecu5ozv1ZeUZAq5UCogTJ23DMUhJsFadCWSaNGSj0cFndDb+pO6+m2NcuJ3DSQqIKbjWice/h+MNiCgojI72HaIBVXKgbCj+Fbyk6WGA2XTMiCIV2Qt+lwctnXMtSzmZU/7hiq3iqfRcgZk18INb4+T4TIgqgVP3uC5B8uEKHOBHQb+a9PWuytUbM1XzFGlvXvbgZ0K2gIKIQJh2Ap7setvVcAeV7h/ODs1MlhN6+RTf84A6Ov95sDBnxIhAjAHHa1mePoJl5QerMdPa1NRtxTJRX0LExqF3qRPQ0JdGiEDBW4b36XqQ6wbgNTtGOjtVOj/WrIWAzzyh1xhIHi2zIkaIQIwMB6k1uZMwxN24P+ph7kbY+WfyyNOKWtI/toMMCGGdCIhA2fSOp9+46mZZrW+MwuYOR2vU1ZorBhJ64hWpdy1FrIgIiECOzl+NiRQ9Jdp61glfAR3b/pdElRXB5GA+qW1UxHeAsoqILd04PSSXmpOEGl7z8F8cnLhNTLCtS2Vw9pee6HYgbz9KiBxkst7IprqHbixelHY68bfpt69y4cSam0qdYQwoAVArDIgrnGhUyrk/DPWTjHRzXhwt+RbkxakuwO47B4NJMWtgoYyIM/7vaxTm12pPxlaZbOCCBShMCN33j0MCLFdVYbjVAggCtoCCiEDTg6hqGK0tPiOJTI0SdIY6nrLUROS2Nd/NagOERpd/cMSIQJ3LufoZWm5kWMKKcY6MbceGLARxdLVmSoEJ+NNSzY+yhohA4Oa1BEc/RotRjzXr2DNoX3Rioo+BjbYaP9Q4OZTg7FLGiECm8S/OqAYlyP5fKE18GJ11R4XalTTk8ybXILd/lgZlqYiIQO5bbAWjaduKFdrcWjOx7NY1uMtnBYylH+rMM18kqIzNSIhAlq/CoTNl0ipe65EUjqix5fdavifz+IsrVMKN6apIKbsKiCGPNdLLlW1TwDZ+CdR6AmP9yUKQAPAvHgYjSKbit1H8SogBp+8K7uWQWZcrgC6sB3AQGbjlNtg7eg9H0q6YdA47E4yIFbHYgPOgd73Ul21lUxKOvin0XXf/AYISTuF9xL3r30lMiCmHUBRdbXdZ+DCf+T2bORa0Dn2ax658tqvV7n99moDYxLQAQohA/9ft3crOPU8ul9VbVagyRL3JsRHDpqJaJ6fG8wBYpmsEiEDy8xngbh8XWPLbpiUp3jJe7bjVe84ifS9biHx/EP+S7kaIQPbdoqorGU5QHcXPqGkfynGrD3g82IhUlTjDnhJxKLYhSIhA71F/vPweGKBHHChptwYA2p0JRLxScls2wduHK6dlfeHKiCeGs4Ne2bF1zD4aa948hk1uXU4YXnE7mj5/olHiOpLhjIgmgEnrCHCXvhFUWZy8poLLph5CGFo39rw6FsUjP0r3xc="},{"key":"blindSig","binaryValue":"DIqXRD6r2wfGhfeUInl98uZLslDyM9d/8RpJIpCtXbVDrWTmGaJ+H9P5M1s0uGXQOKPUDUQlYnB4N4AhUGjY45AW1XTfs4vJCLitLOABOR5Ca78o5B0oaPIbYqUXj0J66XumkI9XJaNpPEdgw1wa8CHaVxvLffQJBlbB/ceZZVQ="}];[{"key":"VOTE_NNNk4GiRfehKcmQFqq4SeV4ofRArW2ox5g4UwarwZJdNAAjRwqupvcuCeGVYYsRD2LoxwpwXXX5P5iqc12Qpjiv","stringValue":"{\"vote\":\"6W5Q2c8JRxcQrevP9vE8xLGuYh21fx1ndzaEjrdSLCFu\",\"blindSig\":\"c8a97443eabdb07c685f79422797df2e64bb250f233d77ff11a492290ad5db543ad64e619a27e1fd3f9335b34b865d038a3d40d44256270783780215068d8e39016d574dfb38bc908b8ad2ce001391e426bbf28e41d2868f21b62a5178f427ae97ba6908f5725a3693c4760c35c1af021da571bcb7df4090656c1fdc7996554\"}"}];{"contractVersion":1};1
F1kPMxrQFpA3VLM43b2kqELpgiKamhiF1deHxE1quUcm;104;RJZzeJcQxPBub4NmHwYc4xW1j5tv5oPMhMA6Ujp27Gzk24b55RMBVZ9Cp22rWZ5LeJJzFB6HLdcccduLtbYQE96;4;1694271877428;57N7eJNFqnuc7kyzCCjpDjWTmA4KqFuAMk93z864gJTY2tPhkdmpxFjcov6TCQTZWwxpwALP8Lh6d8Zhzf7JwQ8V;0;;[{"key":"operation","stringValue":"blindSigIssue"},{"key":"data","stringValue":"[{\"userId\":\"4zLnpRL3cxPygsQ5+2ibQ0O16aO3N0E/kVfa2+HPaRI=\", \"maskedSig\": \"d053e04d7ddb651d4bddeceeda66be05ac8d19c14a52215e4cc2636a59db485e6e228c56151d67badb79c4d54f107c23323789edffaf5d7a53f07486a84d96877000d00cc870f65d42e34a784ed1cc7db4e8bc08187edd2903bcda408d9b015f\"}]"},{"key":"primaryUikRegionCode","stringValue":"90"},{"key":"primaryUikNumber","intValue":4421}];[{"key":"BLINDSIG_F1kPMxrQFpA3VLM43b2kqELpgiKamhiF1deHxE1quUcm","stringValue":"{\"userMaskedSigs\":[{\"userId\":\"4zLnpRL3cxPygsQ5+2ibQ0O16aO3N0E/kVfa2+HPaRI=\",\"maskedSig\":\"d053e04d7ddb651d4bddeceeda66be05ac8d19c14a52215e4cc2636a59db485e6e228c56151d67badb79c4d54f107c23323789edffaf5d7a53f07486a84d96877000d00cc870f65d42e34a784ed1cc7db4e8bc08187edd2903bcda408d9b015f\"}],\"primaryUikRegionCode\":\"90\",\"primaryUikNumber\":4421}"}];{"contractVersion":1};1
B2PngWScVgGpUHDXN9zfRGsSj5owk1bMbQjQ7KZjHUXk;104;4BSEpXqEgNX2CXaKMaG8dXEXyLWYdUPBzbBzGPYVuaiTEAz6NDG4dFgxthxp81k9cuPhSxJ6RUsgjuYENXMrX8m2;4;1694271936000;2L6M8WsZwXWAqBvG3FfBmUGydqnFVLKvbyz295C6jq9t3mf3qDnnqpjxrpHQrizxw9gaNT5oPtCJ1YY7veEeBkeW;0;;[{"key":"operation","stringValue":"vote"},{"key":"vote","binaryValue":"CscMCtoCCiEDDO91nOAZTBGiR7wu+8KZQHfm0ICmjqkFbnuEXclPY6kSIQMz75XBnZfrbMzufRKHu55Z+M/hpgvkmwsGt1dsX0x3mRohAlDdpP1K7qED/jy0Pb87/yD+NNiORHlz6I11fa5KuNBoGiECr7zuwktHNnEe1deByC2TRYUmmKCpjAYg4LVHq9eLOOMiIQKxIgsneGU1Rcz18QQ/v2LM2cSekxGkUejBRsjpe0oDLSIhAvMu4326bK9oaxy18Gc49cOeYyLcAV5QSkUMHRGSxMGcKiCJxz+6adTS+CjKrcuwb8nYMWxngagckMztF9XrS/ufmiogK+zRBvGuiU6Uz5FAZYNOgYxXp8RVKwInPpcaXzCRNTgyINi65jAo5VJ2oz/FA91Ix3UUzhEFPS104lmw111kMKJiMiBmwtBgsu+5050I/oJfxmrfOnSzvGn4KLn/07en08OBUgraAgohAmbfE0sjySBrl/5WjoXE5TvvhrB+0T6KC32KC3+EnEWbEiECkWorbMG1j+mKiUSwNwnwCCPL7fZ/KC5N9rgKzm6LTfoaIQMdvdcm/05mXwKhkCMsUWraKOrpK4XVJskXtm5SgubCTBohA/ut3Lsx4Rs4qNaIgnMjRKidosU+jh0x5uiCLHd53/p+IiEDkfuXb8hc/CH1NlFM5A/oYaciLfHR5KeV+E/9YjgXjMwiIQJ7FzTSW4wsGnjRE4rpIjGnU5qYM2PU4RmZBieag639jiog61z+22CAkm0wyxq9u+yEGQhmn/2Q6xraPiT+DWqvJG4qIDL1UjSZcaWbO3moA9e9qgZApT4gBX8dt1uw76y+ZDIdMiDewHmd3NM8zEpBzw2u8qPIMSNQ7JRedI8WEUSNEiIdujIgKOdPT36+tVS7GjL1OaEigY663/+sfEASs9kWiX+hdsAK2gIKIQPiVo4hzqBeTKqQFzgjdqQqfLuoIFIkBZo9kQo9kGx1GxIhA6+BBRG4vJrQsnY75+j/HqHygEXduVDBqb6YGXowKKr8GiEDFuGEbbvj0YgOB6bqGlFNxp6V1hmy4sDRvsRapdLD3Y4aIQJAc0wy6MJruAIt3s9c99Ki1M5PwUNt7cYci4ecekSu6SIhAoFDbIoJm/6VAk2+O4OlMiaNc8ReEmDvkIwDCZ6IiroUIiEC8w0JBNmEkUpKX0g8yB4I0CrcP812zKYRY1MNrApCabgqIC+AGGBzmPqG+PYVBx47swCpK5NH8ywBJxt7VJKJyBndKiD9Ye/nw/4mgZLLBBnaRc2Pni0YRYW41RFofciNtsam/TIgwJYBkYvrlSMZS0oZzUD5jhJtERS8EtTMrnWW34L8pQ8yICeYkaG0qMfWHHLRP4/lsyxqzrNCGQxRAuPXf7H3Bl1yCtoCCiEDlXV2mvN93pVBBHF34eBuSdwiiz0v8KBHQUF996jAVVgSIQJNuO6+78XdpqH9tcOpOQMe1BI0LU9FPLNMiOXQYHMlYxohAxirnSz+C81/f0pb4kR4LYgA2U6o1m1FK3S8X83XtRgEGiED04vHFl5qxMwk9Ze69sJeAfxEMMQypc9g7NAC4A8tLlQiIQJJqt9IDO9urTkkfX7eAFBgKuU6D8KrFbM4yjxKNmQR3CIhAgpQomecfZwD+TLFkYjqGkRHSIua5atvV47DsrAI4L9qKiCNLhI67euiifgf8U7WwQtD6ZY9do6w7whhe9n+a/SILCogxy6IrRQvIcg3ypCg7a+L4jsYI8OUTrX+LPcL0g2dzHEyICIew+rffY6HzCusAc/PcVyL25L2a7AMXPt6WIwoOMoHMiACTnYo0UXVREmDMm7zdSENkSaFJay8oKBFP5GB59hAHxLQAQohA3a9N3vqK2dw09QW0cCuSJGBcC/vH5UVrHn4S1zgJ1sEEiECxCARTYZC7ZtifmLseZS33KQEWX1fChT/NI2/w+VutwEaIQJFj+6JbDkKZPazoFMmwd/6tE/laRLmsy5Oo1LaD190diIhAyXzWiUyDd24cCF9HVP2ENsYRFxb2a80PWtbULV0IQ6GKiB6vIKi1n4ClunSgcys3JPmta2WlWeLNU89FEvYawJy7jIgDUlKf87s2Fq30d2VouRFg7HKAxEzqJQJEJjggyXcaLY="},{"key":"blindSig","binaryValue":"t4BhjvihQrEniaLUHiU01l4pUOBtmuL0zTP9gnH2Yw7Ik0j7DFT2FXmCpu/mXU4T6iYccuXkKTRhmVyVSQ7hKRFsWHmM48lweIMmFGLxAkiZ4J/tVAbyHYyrGzHEJc+UKe3vDyZChTzYHEjsISo2ymBN42qGcDlG01PhUxG6jyQ="}];[{"key":"VOTE_2L6M8WsZwXWAqBvG3FfBmUGydqnFVLKvbyz295C6jq9t3mf3qDnnqpjxrpHQrizxw9gaNT5oPtCJ1YY7veEeBkeW","stringValue":"{\"vote\":\"B2PngWScVgGpUHDXN9zfRGsSj5owk1bMbQjQ7KZjHUXk\",\"blindSig\":\"b780618ef8a142b12789a2d41e2534d65e2950e06d9ae2f4cd33fd8271f6630ec89348fb0c54f6157982a6efe65d4e13ea261c72e5e4293461995c95490ee129116c58798ce3c9707883261462f1024899e09fed5406f21d8cab1b31c425cf9429edef0f2642853cd81c48ec212a36ca604de36a86703946d353e15311ba8f24\"}"}];{"contractVersion":1};1
DJxyxP6h2AvokvdKCL24jmLMt6EUra3ES22k55Q7qW6J;104;ZsBDJasfzBuMqmiKYTubiJNSe4jtr1nHGAHgi8JDi28UxBsb3zNX5HoJ4rLPq8oyiHUzUmMMBvJMvMJPfLfu165;4;1694272456804;57N7eJNFqnuc7kyzCCjpDjWTmA4KqFuAMk93z864gJTY2tPhkdmpxFjcov6TCQTZWwxpwALP8Lh6d8Zhzf7JwQ8V;0;;[{"key":"operation","stringValue":"blindSigIssue"},{"key":"data","stringValue":"[{\"userId\":\"K8iOxSdvyUTKXEMFwhT+0KRTIj2qSwyNtS2J6Lv16WE=\", \"maskedSig\": \"440c736694afb29e184ece400e9d69f03997d4ffc860594009d640d17557e4795b1e8ec2fe391ad1becf66544d5b4f7c19d3420265fa1d6df36784758d568ee2f27256103ce5ce81fa75b0e0164d2af0006bfb0233dc771ac0dc2b9a62a62894\"}]"},{"key":"primaryUikRegionCode","stringValue":"90"},{"key":"primaryUikNumber","intValue":4410}];[{"key":"BLINDSIG_DJxyxP6h2AvokvdKCL24jmLMt6EUra3ES22k55Q7qW6J","stringValue":"{\"userMaskedSigs\":[{\"userId\":\"K8iOxSdvyUTKXEMFwhT+0KRTIj2qSwyNtS2J6Lv16WE=\",\"maskedSig\":\"440c736694afb29e184ece400e9d69f03997d4ffc860594009d640d17557e4795b1e8ec2fe391ad1becf66544d5b4f7c19d3420265fa1d6df36784758d568ee2f27256103ce5ce81fa75b0e0164d2af0006bfb0233dc771ac0dc2b9a62a62894\"}],\"primaryUikRegionCode\":\"90\",\"primaryUikNumber\":4410}"}];{"contractVersion":1};1
DZgzdsErtHFS78c4Xk5w9GzStky89PoQYE2GHRzDZuKR;104;3XtTtrsrz6bK858HDwWRfYJD5okj3fEeNtashr5s8kZxr1S88GVoemfMcB2TkNr2gBcjHxz3o5631jiru3cfQXyh;4;1694272535000;VF7uZ5bp8SJaek14KCzsPr2ETiSycb6dm91DVHLQQkeiwndZQLD1f85ggiz6ZimJjVEa2tf6rHx6DehfeuxWwER;0;;[{"key":"operation","stringValue":"vote"},{"key":"vote","binaryValue":"CscMCtoCCiECwyqnTBtsgIgZ8WKoGPk2GtqQivJwOHABdpA7T44KHtgSIQLhOHiuffUBrs2zawQ1uySWnKm1oT4LkigL+07KGzIjeBohAwlgPjdFx/T8C+A6P47AzE6fSK5jWWChkj+8k8UXaWdDGiEDLegs7klOzRbJII+M5X8OS/HiwV0pGEVVML3EufV9fvMiIQM09HI7fox/3oU4Nt7vvE1QFPJmox71yNbIm71uEiOaHiIhA9Y9W5M/OGz5ArOzHnaoPuJCmiwSc7OS9JJfOr5/DJ63KiBtEdy/Xnl3/yp8iOpke9EpuSqZ6xHwc/dNqwWB+7phciogb4IKrf36E1p/5U545QJv1uGbZijcEFePQ8SZnKF7zJUyIK6f45vUrEwPAB8RPkNj/C6APmY43Pux/mqcH+4WAeU6MiBJvGk+vDhIbUPNmv7mt7vV2dD5d9+7famBQCCZ7q7pbQraAgohA9MlJ81YfeIbBFicEE8R1DTwyUFI8dSVcHTA0TxHHmRmEiEDqlV5MfjvOROjzts1/saZpULd+ixaqKyga6J4rI4kGsUaIQOjdur8piYBpM5DnEmaNcrLwd/QhFxATlkfBtJSj/z0qxohA06I+pA5WguqP+J7zaoQ6hySg2JrCWSqtuda0Rd74ciAIiECPKEcGFhoHSW+DxteUl+lSCT86xiBa1US/gdc8PbbaGYiIQNgxpYqd4vMJbNOdpUM44N7uPVbB/sfC8YtJ8/TJbvmbCogScr4Br9TWKxnnxnizspbsDqdTVXWUP/mLt5PceqYQ9cqIIUaSXJCrLP+NPyYqxApwbAArGKT13epzsyX05rGcgEwMiBCZCpzCEREGAZzEAQTZugzKk03j0qI+RMe69UW40IrWzIgb/QVAY9/oci5WtrvcBqbSimJW8cGNmEaW8uVGg091cIK2gIKIQMmR6oMUb8XFDZvIhQOaD5k6RPpN6KODHbtOfvcvqUIYxIhAxmA/aHHToOu2Ql/vaXcLq0lCEtFLvs8tthMcudtIXRiGiEDIfmce2gL+r4WRff34DHdHzqqiKGamE5luQ0rpSxzI6UaIQLSSMn7tRZdcOq6ui8hTNxR+pPVsk2hefah3uFssNUKGiIhAtj3uoNvhjHMOTH+t0rgnNijasrFyYo0jJ4kp8dTtGhKIiECgeKlnfOjKy9p8QfJYvH7FzSQ6KGlQA+i2FETfZFB/qsqIF9w9CGm6usjly9fToPrg0ENAyr+Fo1SGvx/p5lyHNApKiACWrzUH9b7j/TtJ08SQ9clQHwS4bK/XkQDi0xje1sJJTIgZ06GnhBIFNQW7RQDFb4iQeURvXn6KXJNWYn8yUdJFtAyIBuDVMo2xHQ/hhXujWUTQZYUu2vxEmvvhL9qX8uRePdPCtoCCiECu+g4iZp3csHHSq3s48RzimL3sZo0TspFYsMISinPd8QSIQPE+3j2wxajgQIpeH0doGF4E2TTbSrhpDYCjDa6Bq5uqRohAl6aYBoYCZqWc9ivaihPNXAw/o3PO9QNRrfCM8xz1iXMGiECAryLcH3yCxEwr0VviM0WEjUwK5dS4ulO1KzI+N8F1g4iIQOTs6Vwrb+m66hbAKSHTPHCZII7xnPCoxIy+gAj4AvPBSIhA2YJLi+wMHtFrhzUiFm4nJ+J43fYSpBlwFFeCqCxcaWHKiBTWz/6idzG4VSQukDL07tDdABH9lmoZdq0DDlimUZ7WiogzmgggQ3Vz82TM4U+IOK9mo/56DOY/vHDlw5mMummdH0yID/fdHN25A3hhyPR+I7Yl124g0sx74eSjvq/rsc8ZbkWMiC1t1SxTyh1tSQ3VSAfsp+YduEMY6a858OtWUf9RIBuBRLQAQohAqFvO+bPpVJhSVumsHjsW+bkNW7GqE05qpukHudVNbleEiEDmkS7KupmTAtgDYkOMFRcaTO6o8eEcRooz0Ezr3UKZ0AaIQP1+1fhiSUaNzhBCHUxxcH3lqoI25cvvCbcHBNqsw9CfiIhA1iE6CzB3Mq7bkmANjzXg04S2COWi53lu7GFW77rI72AKiANsTDVnBf6uln7aN+FcnIQNPeivzB76lJnYLPFBkQgsDIg5Gl4oUlHhfbgPTFrE6e1W6mPg07fMXXl0g/y2RUrC3E="},{"key":"blindSig","binaryValue":"RzszAJxZufxv3UfiPSYEw3EqK6rOA3abcHofPISIAk2ldhHIGp1RWjWE46wO3Loy2AXg0lU/EyOaHkt89dw2/zSVYApLk6egbg+gKy6Klu1O1GBRi+K4W6DiRVqODqzpn72nleYHjrLdBf2AkOkzqY9yL5+FB+PxTh5NnCpvNf4="}];[{"key":"VOTE_VF7uZ5bp8SJaek14KCzsPr2ETiSycb6dm91DVHLQQkeiwndZQLD1f85ggiz6ZimJjVEa2tf6rHx6DehfeuxWwER","stringValue":"{\"vote\":\"DZgzdsErtHFS78c4Xk5w9GzStky89PoQYE2GHRzDZuKR\",\"blindSig\":\"473b33009c59b9fc6fdd47e23d2604c3712a2baace03769b707a1f3c8488024da57611c81a9d515a3584e3ac0edcba32d805e0d2553f13239a1e4b7cf5dc36ff3495600a4b93a7a06e0fa02b2e8a96ed4ed460518be2b85ba0e2455a8e0eace99fbda795e6078eb2dd05fd8090e933a98f722f9f8507e3f14e1e4d9c2a6f35fe\"}"}];{"contractVersion":1};1
8GF7CbmhKmfxLz6eV7tU2Wks6sVGELssD1V4XdY3h4pL;104;Y5bNyaPKCPj1C45rAsrMPyqJz4YFcrg573XqGvYby8KEGnbsDy7ipsSBviChcqG1U8HQ7aeCkseMQsQaNyNq4tx;4;1694272858166;57N7eJNFqnuc7kyzCCjpDjWTmA4KqFuAMk93z864gJTY2tPhkdmpxFjcov6TCQTZWwxpwALP8Lh6d8Zhzf7JwQ8V;0;;[{"key":"operation","stringValue":"blindSigIssue"},{"key":"data","stringValue":"[{\"userId\":\"yTNxbRte3Q06hKmdev5A247+5ry7brzGmL67xY95xIQ=\", \"maskedSig\": \"dd21256e6d43228040f7dc06165056b56104050a38c11b14286cbf1d64ffffe973c4f7439e82830b0ec1b5b023a8f5824023b269822dfc4a3a7a81c464d80ccd229f4d235e70d0aa801c030c4738e2e3041e7410f21ed78f2a17c09c3b435148\"}]"},{"key":"primaryUikRegionCode","stringValue":"90"},{"key":"primaryUikNumber","intValue":4418}];[{"key":"BLINDSIG_8GF7CbmhKmfxLz6eV7tU2Wks6sVGELssD1V4XdY3h4pL","stringValue":"{\"userMaskedSigs\":[{\"userId\":\"yTNxbRte3Q06hKmdev5A247+5ry7brzGmL67xY95xIQ=\",\"maskedSig\":\"dd21256e6d43228040f7dc06165056b56104050a38c11b14286cbf1d64ffffe973c4f7439e82830b0ec1b5b023a8f5824023b269822dfc4a3a7a81c464d80ccd229f4d235e70d0aa801c030c4738e2e3041e7410f21ed78f2a17c09c3b435148\"}],\"primaryUikRegionCode\":\"90\",\"primaryUikNumber\":4418}"}];{"contractVersion":1};1
EpiaFnQhkvHGHAE6pvpkMfxjqDU6TrCrQsNcbqdfPgAX;104;3fpSLstCAqKpaUxHj6kNwynirBS37ndU39zAheqVBZxvUTcYB2HCiEkYovGiWdY7utVBqAMh7AzQ3M5yAGAwSqkc;4;1694273015698;57N7eJNFqnuc7kyzCCjpDjWTmA4KqFuAMk93z864gJTY2tPhkdmpxFjcov6TCQTZWwxpwALP8Lh6d8Zhzf7JwQ8V;0;;[{"key":"operation","stringValue":"blindSigIssue"},{"key":"data","stringValue":"[{\"userId\":\"S256yojUlOVb784M+3soiIZn5GrhI+f8tdiOvI6SEbo=\", \"maskedSig\": \"11123e60474a93a4b088917e2f2de5af57b849ca3c1444adbde4b316e8fa1bdf36bfe3459b007377d1c9a28a8f8e9ab412b052c09baba7169b76f0726083eca168450ec70e76ddf43c6822218010ab6a7525ecc01645012b361900efd0c9cb4a\"}]"},{"key":"primaryUikRegionCode","stringValue":"90"},{"key":"primaryUikNumber","intValue":705}];[{"key":"BLINDSIG_EpiaFnQhkvHGHAE6pvpkMfxjqDU6TrCrQsNcbqdfPgAX","stringValue":"{\"userMaskedSigs\":[{\"userId\":\"S256yojUlOVb784M+3soiIZn5GrhI+f8tdiOvI6SEbo=\",\"maskedSig\":\"11123e60474a93a4b088917e2f2de5af57b849ca3c1444adbde4b316e8fa1bdf36bfe3459b007377d1c9a28a8f8e9ab412b052c09baba7169b76f0726083eca168450ec70e76ddf43c6822218010ab6a7525ecc01645012b361900efd0c9cb4a\"}],\"primaryUikRegionCode\":\"90\",\"primaryUikNumber\":705}"}];{"contractVersion":1};1
BmDAk1itoRDD8T2fNe24X75AwzbbQg5GkvrJPFUCuWe3;104;4Voiya31Ht9aicMcjaFTvDHqauwAYvenRuJUNCKAfEe1xPh2B116fZCPjLeYECiouXpbBjFm7SomJG4LnR3eUC33;4;1694273057000;rriQqsDrbyKG8hnzdhQeVm6QsCmbkEsYFztenVYfZwuYsqSkRq2sfoMnq5B7UABq2x6RU4ECTLy2e5gPp9uHUWT;0;;[{"key":"operation","stringValue":"vote"},{"key":"vote","binaryValue":"CscMCtoCCiEDMlgm02eFojXWmToS/cTqTBZGnfNuGJbtMQZ5yEIP4i4SIQMNzEdQqxydQUoNPhbcmawH517khJNhA4ubqY5mIREhBhohApWZx7m7ENsrV10SzWqRJZM/IVIOJFV/yPL8hh2pELvjGiED+dhUmi2ZZyibsBupGmHlXeNAWH4bvPhsd9DWqdMzQT4iIQMCivqQGGQoe/cbEQLtiKCITxK16WVELCKkjlhMmdeSmiIhA+KE/TsD5tGsHrmJAxJTmpoYFhwiLIgHWAVtWGLxEc/NKiBjTcuBfrN8WzteL4R11WD0Fnjvsvqg5P15cfD28vZxICoggJ1ahb5dhxHL8dMl+d5bSdwPBOj5qb9zCVwT8hcqaXwyIL4d80kLKAVjHsZkH0iGoB800Boet8WeJ59h+RYw6LM8MiAeIJvDia2st+acgL+90CaONCJWVIGTFnZqtK3qQ0by2QraAgohA2yLcXOZCNQs/ET3rnM5jHZVomevToSXpuB+ziSXDgqLEiED/hv9O7RCS6A5Uncd7FziyO9xPaYRj4wU67yWzZjf+aQaIQN8wTdRFznOV9ShA8akoK9cj1IZ0Q3++y7XXO46pV90mxohA96xI0uFqPDqkbzvfdO6H9MIuwvCXC7h1uom5biQcDQbIiECeY34Umh3MoTXtLMl1KRX0hZZczrlTNGoKW//EqidTHwiIQOBhLFBzplQngC4+8lA27WRSFGbFxIcaDJ6QGpnqXiBZyogNMh23EFznFtt/s9VUxPvuzkmham334TWBXwhLmdqE6IqIFqtN4opYoADAjXuEZx1Ba2Yh6AWRTUL6jEkBtjcI8TfMiDxsxrl3P1iGr2ZebLhVIUv3zPxz0+ct5uo3kvZu3GW5TIgzXC9eCUb9Ep2wTN9QmUFU38MvikPIHjMoDLG9DDxsJ4K2gIKIQMq8YDDSWNWvuVZCkjDIHbgRFU8j3KSrQdaWLUhEJS0EhIhAkiHgg3VgU1DbxcBZPCNqnJEKxRa8ippZQIvp+WMlosFGiEDlIctCFW7lvVB4cAPywqC91LffVMpOXTSUA2oYY3rc2gaIQKgnTXmkzKLg1/KGf+ZjFRf9Y42QsHi5b78rSs5165f7CIhAnpTIJEbRqnPW65xsfaL4rhaiFqqY2Iz9cHa4xIOJb9SIiEDzmKDdaEH+E0l0z0IXRfvpmP6YhyO/kkbl3RK6/zbtdAqIKit+thqQO7hfPeQQCKPVeHhfaQv8SgoCAL/5sqFOj9tKiDEbYfqNSiUyIWQSGY4HMtzKJOaw8inzDUSjE7/LJs6NjIg0A0ROTKNBV0PcjBnzw0yKN7n7vrOwdELpc9Z7SpIx5wyIG20DOcKKNOpA1I3/xWqH2bS1z7zWJq15WhF00baeiV0CtoCCiECZowC6/87lSFykQ+1dk2HLimgTlUHaFU1XEs07kzogygSIQIu7yFFHg7xKDcpA4onSYczpxflzHp22WmSGe1MHNfl3RohAz9JyjsucbCF0QLOMk2JjBfyr2LX9RXi0TPu/fw9iYuxGiEDrsEWDrvAwYg2bsx1i02QSAB6Fnp1eDayVFnLfZ6HL9wiIQJblyq0qcM/lLqx+DyXDjgu1IkUyZHx/h7nWtLityJ+wyIhAlrf+uYCItwyG1jsSFEG6nEPjZPc/Eu8bSsiMLiURcZ1KiBCIoodTffZg6mFpagxQcoy2tMbHVFNoskxvEH0W4D8OyogkWnPrdq7/KCRC/tN/70Yu7ZRWtJctuwODEJtt45vIGIyIDxCtUrXkLTV/iqZvc+bL+k+jPwHuOACap6PNxDUF3fkMiCiA/vmdcR5evkVJMbD0eUy/MGfbUmO6+LafHdQHF0AjxLQAQohAuiDehc17xBPizHWl6nvp5FN4Fwn9zOBrcG7hztr/BuLEiECumYfasbxSJkNIFcVQSlTGQN8BaBZ+M6z+eiCX0/DFzwaIQNBv0918Bt9WTxWWAJ0qbt0UWumxYgoWyaN8OdwNQZHhCIhAuEkTzjLV1qcfGu5GGF6PxX6q6PEwXPGlLS/2vQZTtW2KiCDCOnjL8eezUAlLbzlAv7H7FET5gVuasXSWyJC5c2UozIgCm2QBTLkua02jIOVkIG89A0VEnhB/LI3VA2cVrszmkg="},{"key":"blindSig","binaryValue":"e/VR2jG0m69Vc/T/vu/K8JNXz4sdCrSN6WK3192TkjR0aSNWHJIG5nvaFa7p7agFZLv3EwimbQCzVZrTiQKBhAQ1RV3Xm8Cfpaj/cAOYgS/qOHxPXvlr/AYCiJtPqnakqC3t29NshnZ4zcWvo3BTz1vCL0Wc5wRSX60ElWJoyf0="}];[{"key":"VOTE_rriQqsDrbyKG8hnzdhQeVm6QsCmbkEsYFztenVYfZwuYsqSkRq2sfoMnq5B7UABq2x6RU4ECTLy2e5gPp9uHUWT","stringValue":"{\"vote\":\"BmDAk1itoRDD8T2fNe24X75AwzbbQg5GkvrJPFUCuWe3\",\"blindSig\":\"7bf551da31b49baf5573f4ffbeefcaf09357cf8b1d0ab48de962b7d7dd939234746923561c9206e67bda15aee9eda80564bbf71308a66d00b3559ad3890281840435455dd79bc09fa5a8ff700398812fea387c4f5ef96bfc0602889b4faa76a4a82deddbd36c867678cdc5afa37053cf5bc22f459ce704525fad04956268c9fd\"}"}];{"contractVersion":1};1
4TH5jjFmAHAuxWrpvEZPp7DUQA1cXVrSEHtWVu13wMDm;104;4pixjyLkEt9QuwR8wyKDQu6uAyYQdpxjbxPnLC41JNbkiUCiRrv8PTbJww9DSSsPBep9yw4XSPfeSUvCCGYNc516;4;1694273320916;57N7eJNFqnuc7kyzCCjpDjWTmA4KqFuAMk93z864gJTY2tPhkdmpxFjcov6TCQTZWwxpwALP8Lh6d8Zhzf7JwQ8V;0;;[{"key":"operation","stringValue":"blindSigIssue"},{"key":"data","stringValue":"[{\"userId\":\"Pnfod/O9DlooqY9K8Ep2Q4+tWuqUqVkVUF6qS1HSMg4=\", \"maskedSig\": \"b1ba3222d6c25e05c10c4fe10666f2bd45b98042469dab43d9c1558dc6431dd4ae7e13c9f4c8fa2b4ce55829915e617cb2c4355591b0be1c244d4ac3c06d0addc5db7d8a30062c51efbb7cc262769d51f9b86f26f0a471497202fb3ad3ecdd30\"}]"},{"key":"primaryUikRegionCode","stringValue":"90"},{"key":"primaryUikNumber","intValue":701}];[{"key":"BLINDSIG_4TH5jjFmAHAuxWrpvEZPp7DUQA1cXVrSEHtWVu13wMDm","stringValue":"{\"userMaskedSigs\":[{\"userId\":\"Pnfod/O9DlooqY9K8Ep2Q4+tWuqUqVkVUF6qS1HSMg4=\",\"maskedSig\":\"b1ba3222d6c25e05c10c4fe10666f2bd45b98042469dab43d9c1558dc6431dd4ae7e13c9f4c8fa2b4ce55829915e617cb2c4355591b0be1c244d4ac3c06d0addc5db7d8a30062c51efbb7cc262769d51f9b86f26f0a471497202fb3ad3ecdd30\"}],\"primaryUikRegionCode\":\"90\",\"primaryUikNumber\":701}"}];{"contractVersion":1};1
HECsDbkuBVzCrMkHsqKfijJ6imx4Boq1GuCaNPh4PDgb;104;QUznMHqFTpov8Z5AtaYMyeoL8CNLt7mVNDLGqbVsSifd8FWepM72kdJzP7WHHvyE8yy1oW4qk8x6QcjHrs811UU;4;1694273420000;5sSFhonngcb9TfyTzMXK4LtDSwD8pV14QKvAfJY4Xzx3Qpv6aHRyNpUMRg7PPw83eiHi79EQe2vekUtw5nTtHGdE;0;;[{"key":"operation","stringValue":"vote"},{"key":"vote","binaryValue":"CscMCtoCCiECqgMb+yg6bFe4VcLu/axq8D9MNMPerGZJo8akkBbvm9sSIQPv+Irmi3YFOkRFnOrU9wOn8W0bFIWw63SxETCxDYRBoxohAxUh2c/bmgTMDDtnfcai1FKNIxwLpsDXE37EWS4YmSFFGiECZmLh7nllFJg8FiG2LvuKTBoR6qzEbi9I9Qf3fOK5WpMiIQJa1+62/of6RLTu1x4avCCPZ1kJt3qnhI8C8qxK/jZMCiIhAkbei/w7nrW7NvOivHHrvpe7m3Obo5a7Sa8JV/Xs8Z5uKiB+0Qs8JwmHk6NWTPu+JFgaqRAgAee11Ly32CSf6UQuxCogWH7LDiFKM6zjPpeZUZMBb22/VYmZR0UXdzeWHwFotJkyIC3n+VQYUWPaDKec+KQuhjt9WvEpjwrOJ6pgNa4oriNLMiBRCNmTmf6yLsa8Q/8I5mhyuFQ7hSMg8wUAsys7dH/thAraAgohA0cMtHqjUd/4AhjxlnAy0AfLMjOv1kzDdFLZOBDOKFTPEiECOH1RcykWRNR9bpsaqfHxkIz+kZjVTy0PVlWkMChBj58aIQMyyovo7gPNKIzDX/6+rc+J/G3Qz/JRp761kJ3f6x9Z8xohAgP61Hpt+1DJzGOVXXMUdljm2iSX3RrIbbOFMOOJGinIIiECCWzUjRJwF0AN4f2bOuKtep/IxhExBdNSJDvGm2zgXHEiIQNuw7IXOx13tdrNnKlkd8hvHISe22pH1pru6lgZLIRB9iogmyfcr5fQ/yz8G8mlepK3+F2EtTAfT1Ur8+36JQ453tMqIN5slz/LQJRjma+noQw1XLYwgk9qThwEeNqjaxl9bRgDMiCgRoqhZTdf3ZjYnvb4Fego47kuezydC/anc32n/HiaGzIgiwK8eeJYkr8PihWk9xa8n6I1avl0o1qQAtty6B8z/VsK2gIKIQNYBTRRzYPTtsmrtdhsHyFkoaV29Ctd9YPngTa3pJp8YBIhA6epqQxH/PwHepZhrQ2DcLJd7pxYd9cT3fhx/NJQ3Z57GiECjp6Ou/r60rpbjn7kVh2NHCwVl2KCyLhTObuZ7//ILRYaIQPwj9OvasIGZvW1PDkMzVeBw77mQan4ZMUAzFQIIWDVYyIhAxZg5FJKSMJVGBRfx5NoihWUeGRMY7zlK1QxsJCCywS5IiEDrIT+Ch5ptQe+/B8NcR+4OZxCrZPmCNKWXOSEhB3Tt3MqII6beqlYQ9h+vFV64NYDvDYhIwx2W+KBuPzZ8h2ZYDvjKiBojLEhsO+dC6erKJpiFtJMth+hG816Jc6hi6Eu3uGNYDIgOrg87deeyY8IRFI5GjstiEpHIsYQYZ5tRqL5B1VAsggyIE6zqG+sXFSHVgJrCnv2ByX3gtVtFijTNulo8y0x/rG6CtoCCiEDsmCNLhdFQ5cGbsJB30dMw6uXRdtJw1O/JpdDDYkGhbISIQJomA2jLf1liaFFwDVA0oSkT1DMs4oYNalsBOY1VqlBRhohAjDT6RcWAsK4lB6ay5UxCoIP2PSkVA8XqfuWszBQkBn9GiECAL4FDKzJVdeWMZIRGjLRFHCUdDxulBPsda57DEfMZlkiIQMyYXSZd8Sze56h+Dj9maolmsDBa8et51vdCLAyh2d9ZCIhAsPHbuM05DZFJLLdTyil1/sgybXD2ZZmy3TpQxfi2KFxKiDM6a1GIpnBGdBCUzhxdcdZWkZsRENVOu+DFhiHHomaJSogu1MNGQiDoLfurtSw4R4hXVZWAcoRuvDFrbcY+bC4hA0yIAQWCLT0BjKS5OufLhNCnFRTM/gvsnMlvO6ZlTll5mG9MiBHUSs1eNouS8i71FnUgYMqkjIZ0UI/7v771kZnNmP0cRLQAQohA4sKX8J8SRZYDiddDL8nVZfZvwxBnWDqytceWkene8/dEiEDC2nOnYd0I3bjz1//UfptUz5XqQzYGyn/fu3OlCyVkmYaIQJ3IMZ+7pP9u0EBmeOenYVfnKJEbgygQH36tAXHSAGlFiIhArkYzlQKcX85s/XxGbsgYODLrJr9FptxIoeb8poz7ehnKiAIg/6ynyQe9jdBlWvUyW9WbqUxG1/cEMExVBGA0WM9wjIg1+dzOzCRXCSaGIuyKySbLIerWpL9bNs48BY+duAt/f0="},{"key":"blindSig","binaryValue":"Rsac/cnM1zep/lF4XkDGvswcQWcF9TkMeXC2RqqryTXHB3xIDozoSJZO5xcCXGACjrwxAdZL+bJTbihlQbAimFd+0ndb/cejPh/n8oZWoOItCWVlXV8hDoXcRUKR7F2yBdAdQLTYdbt7x72vC0vT8cirzemSqgoPONmtLRX+CHk="}];[{"key":"VOTE_5sSFhonngcb9TfyTzMXK4LtDSwD8pV14QKvAfJY4Xzx3Qpv6aHRyNpUMRg7PPw83eiHi79EQe2vekUtw5nTtHGdE","stringValue":"{\"vote\":\"HECsDbkuBVzCrMkHsqKfijJ6imx4Boq1GuCaNPh4PDgb\",\"blindSig\":\"46c69cfdc9ccd737a9fe51785e40c6becc1c416705f5390c7970b646aaabc935c7077c480e8ce848964ee717025c60028ebc3101d64bf9b2536e286541b02298577ed2775bfdc7a33e1fe7f28656a0e22d0965655d5f210e85dc454291ec5db205d01d40b4d875bb7bc7bdaf0b4bd3f1c8abcde992aa0a0f38d9ad2d15fe0879\"}"}];{"contractVersion":1};1
HVvsD1uStj1HhgS4c7FHiBhPnvtwnpBQebmHoyhnt9SC;104;4UBFKtEVEqtjL9z748mhBw1jJ8BC48vbNq8jzCjqZg4xCTBj8nkKRLamiZozgdumZCC7V5WAJPbGMZNYLquXMqFD;4;1694273526511;57N7eJNFqnuc7kyzCCjpDjWTmA4KqFuAMk93z864gJTY2tPhkdmpxFjcov6TCQTZWwxpwALP8Lh6d8Zhzf7JwQ8V;0;;[{"key":"operation","stringValue":"blindSigIssue"},{"key":"data","stringValue":"[{\"userId\":\"CvA7BHD33KriWf8pJTanzvWEgPfBTVW65SSiIXKwL3M=\", \"maskedSig\": \"aace8ac199563b85e2b9d6fc10b6d56fb2ee4c9d4d929bb660ccc15fe9bf97f85ccfe1fffa41c6b3ff8849dcc31b79e4091d1820fbaa7ad6ab7dc89e7d6928dab16ac2807aa1ba9e344b40c9b9a2e3731297ed8bbaa6c98f6fb1d6f2aa2d2f15\"}]"},{"key":"primaryUikRegionCode","stringValue":"90"},{"key":"primaryUikNumber","intValue":4425}];[{"key":"BLINDSIG_HVvsD1uStj1HhgS4c7FHiBhPnvtwnpBQebmHoyhnt9SC","stringValue":"{\"userMaskedSigs\":[{\"userId\":\"CvA7BHD33KriWf8pJTanzvWEgPfBTVW65SSiIXKwL3M=\",\"maskedSig\":\"aace8ac199563b85e2b9d6fc10b6d56fb2ee4c9d4d929bb660ccc15fe9bf97f85ccfe1fffa41c6b3ff8849dcc31b79e4091d1820fbaa7ad6ab7dc89e7d6928dab16ac2807aa1ba9e344b40c9b9a2e3731297ed8bbaa6c98f6fb1d6f2aa2d2f15\"}],\"primaryUikRegionCode\":\"90\",\"primaryUikNumber\":4425}"}];{"contractVersion":1};1
FXifvAd2csxaJegNMcy3ehcHsuPUdVYspxyJU63HP9K1;104;5Mx5gAwDoeDrTM4S5MAJhzh1QaTJW9QywcwnaUaM4EfaJo7XEyRphaCTuDPXEyazCSUnQGJ6EQzAo4SRhQRnxHtV;4;1694273561000;5wH5uhB5d7avDLJScoFATtGqpoCcMkbqdKXkYqWgLoVWco82XwAR2Cc3zZu8RXq4fqfpnHxDbSphTra9pjrYSJyh;0;;[{"key":"operation","stringValue":"vote"},{"key":"vote","binaryValue":"CscMCtoCCiED1iUSV3iIghwXvNEunovdjai62JRLyZ83csljoYnN8dwSIQNeIKKBI8G8LFwVbZF+7JXV3oa3yy2HIWPBbFr2VSEx5xohA2TMEI7fhTi6T670KJZZHNRwwFCT6bfXyCAsLybFYwWOGiEDRt7VYv46sLD7kKCbMSCaiOyTM4kN5jDofqS5O8oAyzMiIQNWhz6+yg1b4K/bXHS0PpSgb50+yPRjXun23kvg4XxTtiIhAvDWWwGUTxsD4MWSGBHAEsM5JzB0Fv0mq0CYg0h233RKKiAljM/XUgCXQlRTMYnfhKjUwZSc9OfHxDXoakrpfxd79yogpYVfidRBzd8lS+ZH8tgJ4fWkOZZyYJUTCYAieBpRaIYyIMZ+uMNTs+sdnZ2gjO0dIPpANWF9JmM40GvyAsEuecsOMiBlYRZCZtQSLLedAtdzhzwSqqxYSKKVUvt+b/0mfeETbQraAgohA98YuZEt5hBJb7YjqG7Q+1atZcRrXovG05KJS0ez/ekOEiECE6bylHwqq2JUKthCJSbRkokwKixS9i1liWmNwX5DIGQaIQJx2odCCfHrQKuJqqgUz2CctvIzxuDyWhij/tKj1mxpPhohAqsA142FxgTGkMveVvTq1e+9s724Jbgil9+DdLgYwxY6IiEDWytt1gkspSxK4XrQlJxUIlVtOq7vX67FOtLMLizqZUsiIQNrMm0QiMVuWeAJ+bpfTnT95ZdwdpbG786oOenzCoc7dyogbzCPgGDm+v3zD0bewmd4mcHVQJ/Idq0ps7DWpWMRdhoqIAkFAIBQo48CRI66tryYCX3ilJ7ZzmUABPvu6XfxkoabMiAy9a6PzMWrfqpt6pCuyPQE1IgP7iWtZ7VYRCj6h5V2/jIgGcfzMmD6YuUzegMq9Yn7oAWZeqccz44FtD1gjQ2TSw4K2gIKIQLr9zzHpaYtfqC0JuykEMFqLpAdWObd0IiU6W5NnoKK/BIhA0cDINMv+LM8NasC1UKHoUAFyFlzs148FkF9xz/4iovjGiED4UmK/gJ7sr5pSVRhQpvcNglOJc/jMHWcut8stHJu1UYaIQJuWdOpk9gCRmF09gOPs/NwDUxsQ6p+IAxns9+Gx0alGSIhAq16gDLjxq7LD3+Yhh0jsSX8lI58nm7MdC9HSAgTGGBiIiECu1ZPfsSJpagd4m/kNHtvn2V4XjQMQ/zw9He9HMy/pV4qIMqceto41gz5DoV1m34S0FphwCwu9R8A+yvIQotWwLPIKiCmKHZkuGhUu9kBEfaEGO2HFPD61OtuFqpYk2ZAECoJhDIg+3XAKUEw5G5r5i2II9URaLtiisnMjr0cI7kpnuQw7DgyIE2QxgVmwpKCU8Zl0B4HEaLru/wvJgoav1bU8dzT2wufCtoCCiEC4r/YT1I7KA2Mgdg6XY/+LYV6+Y4APxMlB1SPqXEyBkkSIQJJEKes719i4glvRj9lCG4XczY89bMsvIXcZq0TemmMQRohA9JC0AhST0zhMszE0+zFB5S5u0ZLz8O5ZCOtKAJQHyZ9GiEDGYCsLYH4XVoRR54DYRVZUcf8DWzZMgyQL9W7ia/h9CsiIQJEDlbZFcwpaVZKDdw+OWeHPWM7TdwQK5nlz4P0Ffvb+CIhA2cMt3edm2Cx7LqcCCTGt6P97gShKiME/csmty1oX1ihKiAwikQayApFwYltc3spXkZqrcntwm6DNw9c+uGPLBUiRiogHOR9wawUkEWmTvf5KjNihU1Z8+6wZ+5owKVJqGu/yeoyINt+u8SSYzoQAAdtMq/CfS22H+kYTSaPe58yDw2yW1rkMiClpaaAJUVLtbdmUcxaAxEoQtcqyG0cwjbBYZsC6mRkmhLQAQohAo+0TMTNkfliGapIycxH6fKS9jT+ig7ZKQpaLUAjRdC7EiECowD/vh3VjKuhxLU86XpvnXTEC4QtTzJ/O7IvsOOphe8aIQJzxiiVlhSXfK4lz1Df99POZTTUDJM1TuPFBOt0IyF4ziIhAsJBrNDfC5iR2lnLgqNXit93eKGQa/G0jtGHx9L9jk1nKiBpvLv5UPDZ4K+pbxeaX7BqY5tjY2b3A7URPVrqmiUifTIgnjxLkwZpXiuO84ga46nMDczFs0ybcwPAEZJ0lwDX2Ss="},{"key":"blindSig","binaryValue":"Sru4CAlrr5KXKtnTcBd0atrYlJfElt3qRKa/27qne98Drl/jTn/XlOpVZ4ysFokMr5tXmmM4hzc2FWjDWmkGF4XtOoijknKNaC0zPCuH0ElDMCBlZ/3n8Bo8esqecoXZ38jpIBkn4qsjoayuKHBqpPlPz8o6eYHt6dZg8wKlDzM="}];[{"key":"VOTE_5wH5uhB5d7avDLJScoFATtGqpoCcMkbqdKXkYqWgLoVWco82XwAR2Cc3zZu8RXq4fqfpnHxDbSphTra9pjrYSJyh","stringValue":"{\"vote\":\"FXifvAd2csxaJegNMcy3ehcHsuPUdVYspxyJU63HP9K1\",\"blindSig\":\"4abbb808096baf92972ad9d37017746adad89497c496ddea44a6bfdbbaa77bdf03ae5fe34e7fd794ea55678cac16890caf9b579a63388737361568c35a69061785ed3a88a392728d682d333c2b87d0494330206567fde7f01a3c7aca9e7285d9dfc8e9201927e2ab23a1acae28706aa4f94fcfca3a7981ede9d660f302a50f33\"}"}];{"contractVersion":1};1
HbGjvGGgKKkAcMrXdbcN3vVDkjCd6yZyM2PEQu1bCcwF;104;3qx6JdBWLHWbkvorbMMpp4zE7hgXdHUzCVxpncYNttVVZAYQDgWteWuGfrmDgPTYzSgrpeny4ifYfLhP1pfSc5X1;4;1694274377011;57N7eJNFqnuc7kyzCCjpDjWTmA4KqFuAMk93z864gJTY2tPhkdmpxFjcov6TCQTZWwxpwALP8Lh6d8Zhzf7JwQ8V;0;;[{"key":"operation","stringValue":"blindSigIssue"},{"key":"data","stringValue":"[{\"userId\":\"0HDLBpzSLWfGa/amP4OngKwUkJ3vvfuA2rRArS8Fnjk=\", \"maskedSig\": \"cc1ce77f95d9c365b363ec15b76d10325cb49691a14dc5bf59c6aa2043802c8a65abdf632e2c9cbd03eabcd767a76bfd08d69b88d25de924b3a3cd8db3ea54f5351ce92c15aca4e6c6fde8f6af9b16f15e584db2299e833597b07c45a64d6214\"}]"},{"key":"primaryUikRegionCode","stringValue":"90"},{"key":"primaryUikNumber","intValue":4422}];[{"key":"BLINDSIG_HbGjvGGgKKkAcMrXdbcN3vVDkjCd6yZyM2PEQu1bCcwF","stringValue":"{\"userMaskedSigs\":[{\"userId\":\"0HDLBpzSLWfGa/amP4OngKwUkJ3vvfuA2rRArS8Fnjk=\",\"maskedSig\":\"cc1ce77f95d9c365b363ec15b76d10325cb49691a14dc5bf59c6aa2043802c8a65abdf632e2c9cbd03eabcd767a76bfd08d69b88d25de924b3a3cd8db3ea54f5351ce92c15aca4e6c6fde8f6af9b16f15e584db2299e833597b07c45a64d6214\"}],\"primaryUikRegionCode\":\"90\",\"primaryUikNumber\":4422}"}];{"contractVersion":1};1
2r87u25nZF6ZRLTE8wnkKtEmG8JmmKTVvuDWAy2Wyg53;104;4EC6m1V2hAxAbVWmWnxTyyr4jqzqX4XyA3kBmR4iqmpqMBkpochzA3Yc54yXyBxVqk7im8gjk6UDf5Fzm6WC1M1P;4;1694274401000;2MhF66pQEYyySxctiLhzRbsHMyXDEpJamRXU9BrhHrt4fzXMha4xBkNsejaDAbQw8ZAAEQFnpR8GZ4BzYYwyHx3n;0;;[{"key":"operation","stringValue":"vote"},{"key":"vote","binaryValue":"CscMCtoCCiED6Utrve9RdEHhpxdVAeJ48BgRIdFn47HPulaJPFe+ZOsSIQKUriIDu14o44sfq+nO0aJY1/hzJeJvd71m5QHkQOLYfhohA2cPzTT9GfL5g7a7j6T7etslWtq9fWP/l9fl49AxoWiCGiEDqUaEzW7xzO9nUe2vcBjmi8mT3qbg8EbR1lpuKr50ltYiIQIENbIuFDAI28GXAX6ph641SRxjrUlxVkY1uzKnaYof8SIhArsMu7AXQe4zOfOVwe41HZAswtI+WWFztiYNwe4wU0iyKiAjfJp4NbNt774zc1Skaa5UisqTKqN2YbWP0O3qr6gdQiogDVkbsasjFeUK3KFnZpsR1636FQ3n2aDO7U6eMCSmcO0yIP5UxIVT/wvjuwEAj1tPAI7FETXounTli4sGwh8HK3hTMiC8PK2yh569+sD52/Jv9fmg3AC7Vlcjgngq1rj3w0MqgAraAgohAp8X+KZ5iR63pg43wmMgvuqcc1hKPeviamzPY7LRo0+sEiEDG8h7DvsgsIlyT6kMTWkO9p0mX30mOJHVN65n98qvyvAaIQK1HjS3GgZmSj9RyPkr9lgfG3+ePLZUK55MTt96HjddWRohAwWNr96OL2hREki968bENvAr/NGw4WaICjMCki6QmYQQIiEDGEq27IFrPuG3i3Fa+3gLHbhLObBes3Zzn3vXXPeXHVsiIQOpr70yo0KtNv+eQjUJ02wlPXGkWt1w++BNRqzJ4hTUICogRoudsHt9P7HGt7/pNEaJUMYowesC992s476Hvt1JIycqIM1WYyd51ewUeIfdR0/Qow8rHGgc5jDxTJ8JwEBYxzG+MiAPR8cSAI0Jr8MA6RsGsgp3aYT31uCBO9NyG2IpRW/ExDIg8j9Syzw9EC5RV62XMSXOf7oIIRwZcXCNVTPANzv2i40K2gIKIQKqAi9dKxhRYlOJAl0obPeXlCqxY1fBe3DGiuP0dB5a/BIhAjxf9VXZGmX8+S7mUKP1vYpppBp6nRASDyQELWZo6/AbGiECpD3jKlgt3mxmvEzFE8E2vpps/gM5YJ4/+LBacURNVdsaIQJ+XVWAInu46yBYOH6gwe/kd/Npty2RSa8joROv5tTPkiIhAlL8mZgFLSQJpOmmkIicgchJGK+abkX0u3LBQfvh8hVqIiED5VurpL/4pKYbmmJZuz3mJNFoglSVnhtRbHfJZKs7fmcqIHVdmx//v5AWtqQ8RkQWyeLFdgTge/n4DC1ZD+9Rus+DKiC8/zn4ZmYBqHXyYEeBLTa6rQ0pxb7vmB2lPULJN4AWRzIguKL221SkfT4yVn0fKseGVts20HebfsOirHEB+I6mLXUyIKwmqUGplrUpkKID7V8nam0jBtqLpzr4QZhEbYVxi/aDCtoCCiEDodfkjn1Ptk4PRuHTiEz4tx0qElsny89jNJi+9FLqQrMSIQN4Xx+QISuLo6YKiDth1+zQiM/BnFMlNrvQCQsAyGPxQBohApDMqEXcPKBlGnxeILS10XQ4JaM5aGkIgBtZLoyDW8gAGiECeTFnrsA28f4Ixv3wXOOtSNXeSP1y+/TzlfLml+jbRrsiIQMhoGDUJx87MkRrLPpWEazT3zRSAe4lJ1EMmWWv50ghVyIhAwiYKzDHrTcQ3VTAnZLoA2J26T3rPJKFygub/XWs0DyKKiCHbdK99hf4S3Mf3RADG5OERjHH8dSInpvV2eliDbnzESog0PTJkl0l5rcNLSv3P6aivGyzhXWWOf23lbsB2gB8YVUyIJE3jKHke+e6Ehs1jeYNfChwT2T5tNmuP5iX5An375zHMiCfY24bcpJYB7vYtPERG/JK8NjrJm97Elgnz1oeSFysXBLQAQohA1Ud4bvDHVs3MudZONUwjKzzgjxKqnTbS+QDxrDWuZrKEiECBI5zgN0N3Y8+DxBl+cFW+OORvR52ZAv1KcEZI61H3aEaIQMcEiV9rup1v3071PvEa2+PZWPJDVSf2DldH591vZCW2yIhAhbMgwWe7epqrFH1Uc6tU+t0EJIWuoXjCZrdJAp2AWl/KiCP34sgQVuSiJJCnaTM1P4+KojGAsWfMnnX3UXwry8SkjIgYfXUA059PVd2E7QrgAy2lKXZHJGcKHe0Wc64xog9F8U="},{"key":"blindSig","binaryValue":"4f4cR3nHdUNMYuoQG1dt2tPO/T0bYXZs1FoquZWN0e1hSoI8pi0mGw1Aio9HN4Amnpe+NV4zbVCvaTfjAgNVhKipH//X1ceHCVyHHEEhlhx9ehqSdd/u91AEDMczzamPAdwglQaYdxWXfKf2HKKNDUrIdlDd+TBcz68oB04thp4="}];[{"key":"VOTE_2MhF66pQEYyySxctiLhzRbsHMyXDEpJamRXU9BrhHrt4fzXMha4xBkNsejaDAbQw8ZAAEQFnpR8GZ4BzYYwyHx3n","stringValue":"{\"vote\":\"2r87u25nZF6ZRLTE8wnkKtEmG8JmmKTVvuDWAy2Wyg53\",\"blindSig\":\"e1fe1c4779c775434c62ea101b576ddad3cefd3d1b61766cd45a2ab9958dd1ed614a823ca62d261b0d408a8f473780269e97be355e336d50af6937e302035584a8a91fffd7d5c787095c871c4121961c7d7a1a9275dfeef750040cc733cda98f01dc209506987715977ca7f61ca28d0d4ac87650ddf9305ccfaf28074e2d869e\"}"}];{"contractVersion":1};1
4TWnsGTUyzAWfyGz2DbhoiTuvos1PfrsSmT78ucLUzoa;104;sXTmoGgyZgotEUNXfoNLA7Z5Z6ttwemzR1vJCNYjLratHASUdS81gJLLqv3nuberSe5eHSfV99AxjSnoQ5EYXHD;4;1694274891433;57N7eJNFqnuc7kyzCCjpDjWTmA4KqFuAMk93z864gJTY2tPhkdmpxFjcov6TCQTZWwxpwALP8Lh6d8Zhzf7JwQ8V;0;;[{"key":"operation","stringValue":"blindSigIssue"},{"key":"data","stringValue":"[{\"userId\":\"SEt6aW3UFviZAroC6j+zzF6Ho5lOs4+nTlgZvIDXuA4=\", \"maskedSig\": \"ef7e340871db0179679bc2a90ad82847489a539d63577c44e6707be03c992c90197df8764b30fc00d2d04bfc58c65529f177ad60a1481646b3bcfe0290eed17408f67bfb441505da23ba9050bdefaef7f715ce8863f11ccfd8c77f644724e7e3\"}]"},{"key":"primaryUikRegionCode","stringValue":"90"},{"key":"primaryUikNumber","intValue":4437}];[{"key":"BLINDSIG_4TWnsGTUyzAWfyGz2DbhoiTuvos1PfrsSmT78ucLUzoa","stringValue":"{\"userMaskedSigs\":[{\"userId\":\"SEt6aW3UFviZAroC6j+zzF6Ho5lOs4+nTlgZvIDXuA4=\",\"maskedSig\":\"ef7e340871db0179679bc2a90ad82847489a539d63577c44e6707be03c992c90197df8764b30fc00d2d04bfc58c65529f177ad60a1481646b3bcfe0290eed17408f67bfb441505da23ba9050bdefaef7f715ce8863f11ccfd8c77f644724e7e3\"}],\"primaryUikRegionCode\":\"90\",\"primaryUikNumber\":4437}"}];{"contractVersion":1};1
A9TzZCV68gbfBj6RrePqxFLNvAjZfUnSrcd5PCfk3dGc;104;59iLDpRuDksvBKPjKZ8xfp9dxP7ARv9zZenQWEVidgtXjSriNNGu6ghcRnv15khfmrYip9dujkYTdpe5wE8i6pDM;4;1694274982000;4m7MZ8sL5BpseTC2VQxQ2iAFzywFwGjqqBVhob6NBAuCHx2huEWReJFemECLFFoefTVFs4dt8SirP5HKE7BBPnR5;0;;[{"key":"operation","stringValue":"vote"},{"key":"vote","binaryValue":"CscMCtoCCiEC0Cz5e2Xe4RnHIUivR8HUVMy3U+Ba2lCW7U59XX699/cSIQI37ZK47q5Fqvd92/irOSdB7v/qGVtw4gxL8+2xgwwDnRohA7QM+62kaTf0ue3yGIo9FtgfPhUtYTuMG9f2yprPY1qmGiECrEq8VuZEjD8UGysaUVXcc3I1o/RpizSMTg/rEMByV8YiIQJyQfjKZbsZquZ7WW/atJX/tDuyrv+uA763x43JLPlMjCIhArzoc1sE01uIRdSy4LMS+ssETNV1GkjdhEMvf8pe+rzNKiA+ws+U1d4vl8oPmKiSFA5/3l/hcD2FRN/tOTd+uNmzNyogCW61IKxi6xfiRDyE0hB4KeZAKS8JYr34kkpvuIlGMGkyID+4t62fW8RXHGwqQ8OMZxlUAVQ21gi5+bzRXRVr+JxtMiCfrVRzZcaWV4fQbuqi2+BDQcjdLraw/aoBL/bOqPj4+AraAgohA2hHcUa3N71JcLABNIqcSXeTz9Nn/Aeccmt0KN+AX6XVEiEDsaFD58T9JNrf1loagnSlx8rsfDr5GTBJYsavQJ0vo8waIQKZ8FMKfrTHYH+zsl127KbPRBA/VwwPHI3PZ4USKwXhNhohAjL5mhxV6A1rzAAiJenFvn0U5PxygQNStduswfbzPw/5IiEDOlLnqNfoh0TR/YQQxkkwfmvaqVhpI9IAPA7bTO2mMTMiIQPm/fvTiG5RigolD9r/zAUPYzJ/0d+ZMnHF9ethfY++giogu68LfipuV9i+M22CxM58z/HnDtTqWFDzCNXKUgq5M9gqIHPPc/EIoo2xaZ/rjomSe0eYaUn80vpBbffYN5nmoZJqMiDAmji51i5DEk0NixgJ5Iy/WpeaKegvY7hryXfxG2nsrjIgzdPlWNWi38x7bs38apmZpQOgV5kZbXm6tDQ3HEJCJngK2gIKIQIN8rB+ryCo0ZaojlAI8wWqqb2yYSs9xki9j9baAij6yRIhA9hPfJbXRbX802/cwNAP1hhBd4kFUyVG/09JJk9hXwTfGiECDp2HJ2+xlesXmXAagQCmoDaQ6CFzmYJtloFvgWwbAmUaIQOrnXLcAbtp+xtNOrZTHLD/LWqZaBtKrA/9jQX1smMj6iIhApvOrZQZaH55QUNcuhp7mzstFKF1R0stGttwIPG4w6lTIiEC9bTXFOvj8++sm7NMsrzAVpZ11keNNqv4kafEtANaCJEqIKB8JVrzYAVFufEO9Eg8F7FxtfHpNIM4Bbxj3eJCWsaiKiCDRfByeYJbaDfknO5OwpCWwHtgvJjPWVAIm/Crx/BUvzIgWjrbt1uTSvU+mkCQ9+kGSSE/nF9BrPwuQD9vO2FWtvEyILSaC7qSctu4MqssK8Vu1sMl4cFx6LtVhxzIr1zrB0pvCtoCCiECK5BuRA3M+XDtn17DwvwAtvQ3siPZ0qt0WyVurJeurSYSIQNYkUei+sAbxmq0TVUSKUx8Ya5Uivhx0MJ2H8ABn5qiAxohA0BfYubsmhEHvT1eJhBE7imq0QLT3m/AY5gkWPNar0DdGiEDeJRw/+RBc6iAbtQ6r52FR1Fdg+1DB/MlrC/vqrRq6SciIQOg6ST6ZCv/iGdK6FBEvFqO/P4SiG2LgvRpW7R/WM0F7yIhAu/c0XfiraDL100qAgwiXw+HKk89sd5igSHCNeeemwklKiDYzAdnhtx22QylEhYFs9IztxHSsvMxvoRKkkLFC4ob5CogPp+Qv5psqQyvA76bvJB9UWMt+NGW7Bq/pManN6ZhA6cyIGAhU62DdYo0O3NocAGBvcfGl/1X7km0J7YjmJrKoOHRMiD+VvGWyfU0CwITbOJydheshov7AprXfFCkIZTq2jbfRBLQAQohA15KDOhSzMpdINCSYOnNkeEG5KN6gUf78lG+40htKtiTEiECTynrVwq0ZIwcT1Bb0zbHRyPQfOfrKKeEYwRN+tEDL2QaIQJwjnGotIgD0Zl1C8bFDxmrDKX8OFWKRv58sv/PbIUnlCIhA1224x9eXIwY/pk7O0EN+ZHseSr9DvJxcbaGofJif4t6KiCfl6A6UvDCcsnYAB3S91FPyRQJ+GMVgkzz3N9TBw4CNjIgSCQCydXjmAaP1pXzrcTdWanQpnBULFjRHW5ZQowb9CI="},{"key":"blindSig","binaryValue":"QXfYJbqd5En9HwwEjfMRvZPSPGhMHTWH2qbENSqJfP1+e8LqH8OGGmdaBUWrolCKfaCuCZIxmsy2xWGdwIsX2Kq9unUqurPVg6WulVRR0aPDRIzltWjtETorbKq/qidJjKsvC0Jn3wRy9UolkllUu5vrRrb+RQu3l6BXMmKg4RE="}];[{"key":"VOTE_4m7MZ8sL5BpseTC2VQxQ2iAFzywFwGjqqBVhob6NBAuCHx2huEWReJFemECLFFoefTVFs4dt8SirP5HKE7BBPnR5","stringValue":"{\"vote\":\"A9TzZCV68gbfBj6RrePqxFLNvAjZfUnSrcd5PCfk3dGc\",\"blindSig\":\"4177d825ba9de449fd1f0c048df311bd93d23c684c1d3587daa6c4352a897cfd7e7bc2ea1fc3861a675a0545aba2508a7da0ae0992319accb6c5619dc08b17d8aabdba752abab3d583a5ae955451d1a3c3448ce5b568ed113a2b6caabfaa27498cab2f0b4267df0472f54a25925954bb9beb46b6fe450bb797a0573262a0e111\"}"}];{"contractVersion":1};1
